row_id,target
0-4,0.0015112828086144097
0-32,0.0013794149707429806
0-34,0.0013794149707429806
