row_id,target
0-4,0.001255634546547977
0-32,0.001343418738027133
0-34,0.001343418738027133
